{"stats":{"minecraft:used":{"minecraft:dirt":4},"minecraft:custom":{"minecraft:jump":38,"minecraft:time_since_rest":2090,"minecraft:damage_dealt":20,"minecraft:crouch_one_cm":54,"minecraft:leave_game":2,"minecraft:play_time":2090,"minecraft:sprint_one_cm":3889,"minecraft:time_since_death":2090,"minecraft:walk_one_cm":3802,"minecraft:sneak_time":15,"minecraft:total_world_time":2090,"minecraft:drop":2,"minecraft:fall_one_cm":1463,"minecraft:fly_one_cm":9204},"minecraft:mined":{"minecraft:tall_grass":1,"minecraft:grass":5,"minecraft:grass_block":4},"minecraft:dropped":{"minecraft:wheat_seeds":2},"minecraft:picked_up":{"minecraft:wheat_seeds":4,"minecraft:dirt":4}},"DataVersion":3578}